{
  "name": "crash",
  "sample": "/audio-sprites/crash",
  "spritemap": {
    "Acoustic": {
      "start": 0,
      "end": 3.730952380952381
    },
    "Electro": {
      "start": 5,
      "end": 6.9786848072562355
    },
    "Vinyl": {
      "start": 8,
      "end": 13.110544217687075
    }
  }
}
