{
  "name": "Electro",
  "sample": "/audio-sprites/electro.mp3",
  "spritemap": {
    "cymbal": {
      "start": 0,
      "end": 1.9786848072562357
    },
    "fx": {
      "start": 3,
      "end": 4.16609977324263
    },
    "hi-hat-closed": {
      "start": 6,
      "end": 7.16609977324263
    },
    "hi-hat-open": {
      "start": 9,
      "end": 10.16609977324263
    },
    "kick": {
      "start": 12,
      "end": 13.16609977324263
    },
    "snare": {
      "start": 15,
      "end": 16.16609977324263
    }
  }
}