{
  "name": "misc",
  "sample": "/audio-sprites/misc",
  "spritemap": {
    "Acoustic": {
      "start": 0,
      "end": 1.3096598639455783
    },
    "Electro": {
      "start": 3,
      "end": 3.5168027210884354
    },
    "Vinyl": {
      "start": 5,
      "end": 5.904036281179138
    }
  }
}