{
  "name": "snare-alt",
  "sample": "/audio-sprites/snare-alt.mp3",
  "spritemap": {
    "Acoustic": {
      "start": 0,
      "end": 0.6424036281179138
    },
    "Electro": {
      "start": 2,
      "end": 2.734263038548753
    },
    "Vinyl": {
      "start": 4,
      "end": 5.301791383219955
    }
  }
}