{
  "name": "snare",
  "sample": "/audio-sprites/snare",
  "spritemap": {
    "Acoustic": {
      "start": 0,
      "end": 0.8569160997732427
    },
    "Electro": {
      "start": 2,
      "end": 2.5435374149659866
    },
    "Vinyl": {
      "start": 4,
      "end": 4.816439909297052
    }
  }
}