{
  "name": "tom-hi",
  "sample": "/audio-sprites/tom-hi.mp3",
  "spritemap": {
    "Acoustic": {
      "start": 0,
      "end": 1.184920634920635
    },
    "Electro": {
      "start": 3,
      "end": 3.5598639455782313
    },
    "Vinyl": {
      "start": 5,
      "end": 7.771746031746032
    }
  }
}