{
  "name": "A",
  "sample": "/audio-sprites/A",
  "spritemap": {
    "10": {
      "start": 60,
      "end": 64.45823129251701,
      "loop": false
    },
    "11": {
      "start": 66,
      "end": 70.45823129251701,
      "loop": false
    },
    "12": {
      "start": 72,
      "end": 76.45823129251701,
      "loop": false
    },
    "13": {
      "start": 78,
      "end": 82.45823129251701,
      "loop": false
    },
    "14": {
      "start": 84,
      "end": 88.45823129251701,
      "loop": false
    },
    "15": {
      "start": 90,
      "end": 94.45823129251701,
      "loop": false
    },
    "16": {
      "start": 96,
      "end": 100.45823129251701,
      "loop": false
    },
    "17": {
      "start": 102,
      "end": 106.45823129251701,
      "loop": false
    },
    "18": {
      "start": 108,
      "end": 112.45823129251701,
      "loop": false
    },
    "19": {
      "start": 114,
      "end": 118.45823129251701,
      "loop": false
    },
    "20": {
      "start": 120,
      "end": 124.45823129251701,
      "loop": false
    },
    "21": {
      "start": 126,
      "end": 130.458231292517,
      "loop": false
    },
    "22": {
      "start": 132,
      "end": 136.458231292517,
      "loop": false
    },
    "23": {
      "start": 138,
      "end": 142.458231292517,
      "loop": false
    },
    "24": {
      "start": 144,
      "end": 148.458231292517,
      "loop": false
    },
    "00": {
      "start": 0,
      "end": 4.458231292517007,
      "loop": false
    },
    "01": {
      "start": 6,
      "end": 10.458231292517006,
      "loop": false
    },
    "02": {
      "start": 12,
      "end": 16.458231292517006,
      "loop": false
    },
    "03": {
      "start": 18,
      "end": 22.458231292517006,
      "loop": false
    },
    "04": {
      "start": 24,
      "end": 28.458231292517006,
      "loop": false
    },
    "05": {
      "start": 30,
      "end": 34.458231292517006,
      "loop": false
    },
    "06": {
      "start": 36,
      "end": 40.458231292517006,
      "loop": false
    },
    "07": {
      "start": 42,
      "end": 46.458231292517006,
      "loop": false
    },
    "08": {
      "start": 48,
      "end": 52.458231292517006,
      "loop": false
    },
    "09": {
      "start": 54,
      "end": 58.458231292517006,
      "loop": false
    }
  }
}