{
  "name": "e",
  "sample": "/audio-sprites/e1",
  "spritemap": {
    "10": {
      "start": 60,
      "end": 64.49868480725624,
      "loop": false
    },
    "11": {
      "start": 66,
      "end": 70.49868480725624,
      "loop": false
    },
    "12": {
      "start": 72,
      "end": 76.49868480725624,
      "loop": false
    },
    "13": {
      "start": 78,
      "end": 82.49868480725624,
      "loop": false
    },
    "14": {
      "start": 84,
      "end": 88.49868480725624,
      "loop": false
    },
    "15": {
      "start": 90,
      "end": 94.49868480725624,
      "loop": false
    },
    "16": {
      "start": 96,
      "end": 99.7556462585034,
      "loop": false
    },
    "17": {
      "start": 101,
      "end": 105.49868480725624,
      "loop": false
    },
    "18": {
      "start": 107,
      "end": 111.49868480725624,
      "loop": false
    },
    "19": {
      "start": 113,
      "end": 117.49868480725624,
      "loop": false
    },
    "20": {
      "start": 119,
      "end": 123.49868480725624,
      "loop": false
    },
    "21": {
      "start": 125,
      "end": 129.49868480725624,
      "loop": false
    },
    "22": {
      "start": 131,
      "end": 135.49868480725624,
      "loop": false
    },
    "23": {
      "start": 137,
      "end": 141.49868480725624,
      "loop": false
    },
    "24": {
      "start": 143,
      "end": 147.49868480725624,
      "loop": false
    },
    "00": {
      "start": 0,
      "end": 4.498684807256236,
      "loop": false
    },
    "01": {
      "start": 6,
      "end": 10.498684807256236,
      "loop": false
    },
    "02": {
      "start": 12,
      "end": 16.498684807256236,
      "loop": false
    },
    "03": {
      "start": 18,
      "end": 22.498684807256236,
      "loop": false
    },
    "04": {
      "start": 24,
      "end": 28.498684807256236,
      "loop": false
    },
    "05": {
      "start": 30,
      "end": 34.49868480725624,
      "loop": false
    },
    "06": {
      "start": 36,
      "end": 40.49868480725624,
      "loop": false
    },
    "07": {
      "start": 42,
      "end": 46.49868480725624,
      "loop": false
    },
    "08": {
      "start": 48,
      "end": 52.49868480725624,
      "loop": false
    },
    "09": {
      "start": 54,
      "end": 58.49868480725624,
      "loop": false
    }
  }
}